Year,Country,Region,SubRegion,SurfAreaSqKm,PopTotal,PopDens,PopGrowth%,GDP,GDPGrowth%,AdolFertRate,AgriValAdd%GDP,Exports%GDP,FertRate,FDINetBoP,GNI/CapAtlas,GNIAtlas,Imports%GDP,IndValAdd%GDP,InflConsPric%,LifeExpBirth,MerchTrade%GDP,MobileSubs/100,MortRateU5,NetMigr,UrbanPopGrowth%
2004.0,Norway,Europe,Northern Europe,385178.0,4591910.0,12.5721709323083,0.590930939690253,265267350723.204,4.01462698081816,7.944,1.33559044875548,41.11014734445,1.83,4918494986.32396,54290.0,249312569454.712,27.561806430542,35.4260864604952,5.85016617014062,79.8414634146342,49.4071357227663,98.52955299,4.2,13425.0,0.998726642610231
2004.0,Tajikistan,Asia,Central Asia,142550.0,6801204.0,48.5939125464418,1.91062519876215,2076176636.43428,10.2999989410117,37.585,19.222350137013,58.7453180484166,3.529,272025100.0,260.0,1792118243.7493,69.5928526259465,30.916284273507,17.4315785210811,66.028,101.436455985601,1.984942666,60.4,-25080.0,1.91441473909979
2004.0,Botswana,Africa,Sub-Saharan Africa,581730.0,1859085.0,3.28037160552644,1.74841429333915,8957467706.5354,2.70582170611173,59.931,2.25958534959102,49.6137877815052,3.073,390889251.855271,3730.0,6928494798.27973,41.3840351057579,38.8219550208892,10.0787886535731,51.617,75.2891355118093,28.12351237,73.7,4758.0,2.57909608333065
2004.0,Myanmar,Asia,South-eastern Asia,676590.0,47338446.0,72.4471947598788,0.878726142111789,9390855297.73553,13.6952873426046,38.107,49.2932420345974,48.55881246708416,2.621,211364294.975748,180.0,8429721226.50283,69.30543669308497,15.3978054668272,10.722248210499,61.25,48.2277689987631,0.195300032,79.5,-169843.0,1.54738457659192
2004.0,St. Kitts and Nevis,Americas,Latin America and the Caribbean,260.0,46580.0,179.153846153846,0.32039248574627,506900000.0,3.99634666125431,58.225,1.78207404484777,82.3468263081964,1.964,55771474.0740741,10330.0,481297001.938067,69.01557618522087,22.7029949657687,3.83914963846918,71.303,43.9928980074965,62.25848003,19.8,-228.0,-0.120048033624978
2004.0,Cote d'Ivoire,Africa,Sub-Saharan Africa,322460.0,18544903.0,58.3173050314465,2.33745599030944,23510575668.5588,3.18503822886049,134.459,16.6400189842638,30.1412888676199,5.545,282979830.9625,750.0,13896865770.6246,27.9770074355058,15.5260750474195,-2.50335752535719,51.363,49.4841137197606,9.028529295,129.4,-108973.0,3.27451334940999
2004.0,"Hong Kong SAR, China",Asia,Eastern Asia,1100.0,6783500.0,6460.47619047619,0.77991856230718,169099768875.193,8.70006348101138,3.997,0.0731235605934626,167.775897168379,0.922,22194238604.966,28120.0,190747359220.996,159.065157420675,9.17294443444659,-3.59084924739358,81.8292682926829,318.413208711955,118.7675155,23.10166626612581,10103.0,0.77991856230718
2004.0,Japan,Asia,Eastern Asia,377910.0,127761000.0,350.510288065844,0.0336622582725446,4893116005656.56,2.1861156944216,5.565,1.23095748420526,12.7862646247862,1.29,7527948175.22325,39000.0,4982047245278.1,10.8780887981112,29.9669305435635,-1.12476639985243,82.030243902439,20.8500472668256,71.64805919,3.9,135835.0,1.75443198804852
2004.0,"Venezuela, RB",Americas,Latin America and the Caribbean,912050.0,26226927.0,29.7340592936908,1.71089322511207,112451400422.982,18.2866066891245,90.442,3.71881718358774,36.1983535672104,2.664,1489000000.0,4070.0,106853002758.007,19.1691020351116,51.1134764353283,33.9537243385346,72.514,50.107868633074,32.10814595,19.1,-10798.0,1.74046621072965
2004.0,Samoa,Oceania,Polynesia,2840.0,188073.0,66.456890459364,0.337139113464018,407747521.116429,3.0872602379675,39.631,11.7403681062885,29.0656121898961,4.382,2480936.28437362,1830.0,344137692.072972,43.4637581250713,32.3616645013541,7.0727591038912,71.696,72.3486924438629,8.507334918,19.4,-4022.0,-0.780000498902632
2004.0,Somalia,Africa,Sub-Saharan Africa,637660.0,10117354.0,16.1273854688048,3.61359093578303,31921217875.338886,3.5454674453798103,133.65,6.3142358336013285,12.985247977317403,7.522,-4790000.0,2734.9199701418665,30473810776.23436,15.45555880985212,24.714685020986163,2.220847599190713,50.538,19.540295710764426,4.942003611,172.9,17353.0,5.81892739745874
2004.0,Lebanon,Asia,Western Asia,10450.0,4574797.0,447.194232649071,1.54172773032086,21159827992.0398,6.67944461671979,22.694,3.82091029633439,35.0549045521247,2.27,1898780570.45821,4720.0,21609710171.7146,55.9178924743439,14.5751663754257,-1.23466163251138,75.976,55.8038562716204,19.33298476,15.8,4974.0,1.68981664504185
2004.0,Dominica,Americas,Latin America and the Caribbean,750.0,68574.0,91.432,0.192678286970014,367200000.0,3.0506902946631,53.232,11.1978536270475,78.76956111045288,2.125,26173948.1481481,5080.0,348579485.490973,70.01718005140872,13.2726135721778,3.79200651376708,72.401,50.6535947712418,61.01146207,19.0,-304.0,0.653193248368682
2004.0,Turkiye,Asia,Western Asia,785350.0,67785075.0,88.074886633837,1.36315757853756,408865358516.587,9.79593638920282,43.835,9.32742275784367,23.6247532110161,2.224,2785000000.0,5210.0,353354281522.056,25.2010849398704,25.106957159901,12.427511075424,73.24,39.305604315089,51.20234653,28.1,12764.0,2.29421809703669
2004.0,Bermuda,Americas,Northern America,54.0,63740.0,1180.37037037037,0.653211310145151,4484703000.0,2.32126722323136,28.815,0.844158464897229,79.40666039632636,1.78,831600000.0,10575.802860261248,4210261626.5045066,69.83878481616003,9.61836268756259,4.6921425981385,81.12,23.6581998852544,78.10009563,27.30753570866299,-191.0,0.653211310145151
2004.0,Turkmenistan,Asia,Central Asia,488100.0,4819792.0,10.2564041452982,1.26957330067416,6838351088.46688,5.00040743766748,20.223,18.3554592251422,29.6938499051748,2.648,353699999.9,1270.0,6140033784.04204,29.6261175833108,37.8718504470333,18.3477638214348,66.075,105.142305608236,1.039463944,55.2,-9254.0,1.75136498363422
2004.0,Lesotho,Africa,Sub-Saharan Africa,30360.0,1985384.0,65.3947299077734,-0.384374749020571,1511236655.52047,1.69237420642219,81.668,5.98400675567569,61.80041104147008,3.519,55669445.7206614,810.0,1616525365.02611,89.80229317993036,34.6653077489584,9.60039252467769,43.711,142.135250104838,9.882874044,115.0,-27129.0,2.19359711344273
2004.0,Guatemala,Americas,Latin America and the Caribbean,108890.0,12682108.0,118.347405748414,2.12598597102736,23577298589.158,3.13791683609193,96.107,13.0735432996184,27.4194097089723,4.134,321400000.0,1850.0,23402811847.798,42.7954626492149,27.8833550863791,6.02385881441585,69.165,61.5464911941729,24.65101557,44.4,-47399.0,2.76730263364391
2004.0,Jamaica,Americas,Latin America and the Caribbean,10990.0,2664024.0,245.985595567867,0.48906495556364,10174664853.9476,1.32372509977827,68.767,4.98216525525125,37.5440247582553,2.127,559365888.026738,3740.0,9955574874.09829,51.7740793144263,22.2583396101571,12.8585995341944,70.86,52.5029578534708,68.97655577,19.2,-18261.0,0.846977659155608
2004.0,Burkina Faso,Africa,Sub-Saharan Africa,274220.0,13445977.0,49.1446527777778,3.13802065225682,5451688534.59524,4.47845213670386,128.557,23.3814384513092,10.8815873012951,6.216,14348315.7765,370.0,5021639688.02217,24.5993563004511,22.6591757180332,0.0906485898375564,52.416,32.0818034431208,2.944665159,159.1,17573.0,6.87313233222337
2004.0,Solomon Islands,Oceania,Melanesia,28900.0,471785.0,16.8554841014648,2.26568934347868,468005324.460339,7.6832999660031,67.822,35.5419795026978,24.8793856518884,4.518,-3005254.99388775,990.0,465389271.788633,37.9314282451683,9.67484084615604,3.76283717550221,67.801,46.5806666305298,0.63588287,29.5,-2745.0,4.66069662591661
2004.0,Pakistan,Asia,Southern Asia,796100.0,170648620.0,221.368591739311,2.23514920732307,107759683863.123,7.54686001519235,65.277,23.0829541928438,14.2447319956961,4.754,1118000000.0,600.0,102616409643.574,13.3048934309628,19.5939697520441,7.33061167394966,63.052,29.0720971674276,2.9434214,98.5,-524871.0,2.8319351661406
2004.0,Italy,Europe,Southern Europe,302069.0,57685327.0,195.068703967969,0.647182705470772,1806542968545.56,1.42359415817907,7.251,2.34703257342223,24.0098284192385,1.34,20100742901.8037,28360.0,1635881041592.75,23.4205019696086,23.4189596087361,2.67018368106109,80.7804878048781,39.2508239408708,108.4501955,4.6,417189.0,0.823321280014444
2004.0,Grenada,Americas,Latin America and the Caribbean,340.0,109516.0,322.105882352941,0.711094558594151,599118592.592593,-0.647450316084857,41.809,5.0143352561992,61.18435113025517,2.373,65014333.3333333,5100.0,558195565.001281,80.25312344676463,16.7118338408484,2.0311480128201,71.788,44.2316434970335,39.54947222,15.1,-306.0,0.694216820371209
2004.0,Eswatini,Africa,Sub-Saharan Africa,17360.0,1065764.0,61.963023255814,0.655855489540335,2770082791.50412,3.62391422596625,99.449,9.65947272355094,71.540742092598,3.731,69582011.8372508,2080.0,2216631015.52982,78.6336674910421,39.8248475820452,3.87128784547615,42.538,139.851415700701,13.60526345,118.9,-7656.0,0.0711403230470545
2004.0,Libya,Africa,Northern Africa,1759540.0,5687563.0,3.23241472202962,2.58107591705621,33122307692.3077,4.46163899648637,5.234,3.34262291274763,63.7559608908707,2.808,357000000.0,5190.0,29534923469.1647,32.3733711883694,76.6425137601895,22.6053424951582,71.49,71.7069602173762,8.791112958,24.4,42112.0,2.77758037958912
2004.0,Syrian Arab Republic,Asia,Western Asia,185180.0,18084007.0,98.5128670262025,2.64840352675744,112863340757.238,6.90295943489203,54.55,22.4332637930177,40.4490204761104,3.857,275000000.0,5750.0,104011519737.552,37.6659081167993,30.0234984698763,10.3263712398652,72.475,13.9894848885974,12.97278861,20.1,10911.0,3.3397092066766
2004.0,Viet Nam,Asia,South-eastern Asia,329314.0,82311227.0,265.460144483504,1.02011634543028,45427854693.2554,7.53641061182286,26.263,21.8076993514673,59.7310414145255,2.014,1610000000.0,540.0,44415418898.725,73.2854564543616,40.2087495299221,8.43331212914755,73.135,128.674357164127,6.025909442,25.8,-150349.0,3.25990938485259
2004.0,Barbados,Americas,Latin America and the Caribbean,430.0,268505.0,624.43023255814,0.375370773814513,3444500000.0,1.41159863545465,49.185,1.64319930323704,41.6867469879518,1.795,228334500.0,12600.0,3383468816.82044,50.359994193642,15.0878211641748,5.82814413602438,74.727,49.0927565684424,74.53790432,15.8,-159.0,-0.219586027976693
2004.0,Morocco,Africa,Northern Africa,446550.0,30033125.0,67.2935805511987,1.2458784781145,66114147932.3903,4.57138017092682,31.346,11.8693337186711,25.3492055072388,2.598,893325392.835825,2050.0,62319475050.8919,30.2024329703508,24.0029876130205,0.913545159779503,68.231,41.968324281173,31.00385739,43.7,-66711.0,1.84609626289302
2004.0,France,Europe,Western Europe,549087.0,62716306.0,114.536314277522,0.735098067563242,2119633181634.37,2.82975292869891,11.054,1.82269094417374,26.4688363216607,1.92,35608535812.8719,31450.0,1972485561467.75,25.4561715567725,19.9575239477964,1.62267544006134,80.1634146341463,43.5476764563702,74.1060681,4.8,154947.0,1.06210370954027
2004.0,Sao Tome and Principe,Africa,Sub-Saharan Africa,960.0,157697.0,164.267708333333,2.52695179043068,114582281.98784,3.5379059435684,123.781,10.1630671260584,61.22235375452446,5.007,3501000.0,690.0,108188328.000495,89.53467844643956,13.3727805227233,14.8393417321248,63.731,40.145822898589,4.911317273,60.7,-991.0,4.62856461268554
2004.0,Oman,Asia,Western Asia,309500.0,2468855.0,7.97691437802908,1.52050035159895,24763712873.8622,1.29220568072958,14.466,1.93687487447025,57.0276125321,3.2,111053315.994798,9320.0,23017026504.634,44.5196060396102,56.2645418635321,13.0078895123128,74.329,89.3969337827626,32.96971561,13.2,-855.0,1.96417766701787
2004.0,Turks and Caicos Islands,Americas,Latin America and the Caribbean,950.0,22869.0,24.0726315789474,5.06743991992045,485598800.0,-7.777464751332076,29.075,1.28338455531603,85.46748305230862,2.128,4938171926.656992,5760.13534894889,513868036.3645828,68.14326565782353,16.7164539945321,-4.169838476225742,76.786,48.0702871297619,109.6899733,7.3,782.0,5.73324892858665
2004.0,Brunei Darussalam,Asia,South-eastern Asia,5770.0,360461.0,68.3986717267552,1.79597440947835,7872201250.91582,0.504318252687327,21.799,1.12745345314218,68.7990469672454,2.086,113205866.961457,19930.0,7184966242.12123,31.7905237179863,67.853168977756,15.8861646575306,74.65,82.3022658274426,56.16529944,9.5,1263.0,2.3096765508764
2004.0,Portugal,Europe,Southern Europe,92120.0,10483861.0,114.577715846995,0.239128989611917,189382122532.169,1.78873568157121,19.723,2.60214117997755,27.6670515552519,1.4,2485161769.22788,16190.0,169755430956.078,35.5375421117759,22.2369566238035,2.3996146661088,77.6707317073171,47.9110693167923,100.6625516,5.0,17114.0,1.33460087073959
2004.0,Canada,Americas,Northern America,9879750.0,31940655.0,3.56258260750269,0.933020777495183,1026690238278.25,3.08698080915133,13.945,2.16781311109181,37.3277713060483,1.56,1452416545.21802,29530.0,943151664706.253,32.864648684908,28.3911197223378,3.26626600410312,79.9921951219512,58.118113697141,47.06742374,6.1,193282.0,1.0305118096742
2004.0,Liberia,Africa,Sub-Saharan Africa,111370.0,3122447.0,32.4174314784053,1.20092557138433,897000000.0,2.61984689477413,142.53,65.0474024526198,61.80172966291059,5.506,75351731.6495429,210.0,663196733.478837,89.80296043969898,7.72698996655518,16.8582781254993,56.013,49.1638795986622,3.022310074,139.7,-1001.0,1.9586625076045
2004.0,Costa Rica,Americas,Latin America and the Caribbean,51100.0,4252800.0,83.2902467685076,1.52086528848105,18610594846.2083,4.42459959724218,68.081,8.85240876800238,42.2076534629626,2.078,1083718486.49799,4350.0,18499694875.6092,43.0488237336246,24.6690619237543,13.3503494307268,78.331,78.2833655796245,21.70532355,11.5,7458.0,3.57322919534328
2004.0,Dominican Republic,Americas,Latin America and the Caribbean,48670.0,9043127.0,187.189546677706,1.37256671456504,22322387609.8481,2.57013427930197,105.859,7.02047299255392,41.1474766418853,2.664,934480000.0,2540.0,22955539061.0618,40.2039462963058,31.8129445090859,45.166310045594,70.331,61.9288592314434,28.02197735,36.9,-30709.0,3.5134103182523
2004.0,Cambodia,Asia,South-eastern Asia,181040.0,13016371.0,73.738788805801,1.77233194606874,5337833248.03924,10.340528776847,48.923,29.3897576439278,63.6058950058242,3.345,131416229.281784,410.0,5290233016.58618,70.9055223584526,25.6454284435197,4.82373796288856,63.552,112.236552204037,6.618588238,70.8,-5883.0,2.39348267671201
2004.0,"Bahamas, The",Americas,Latin America and the Caribbean,13880.0,343089.0,34.2746253746254,1.34953389082619,9055290000.0,0.882740185126309,43.987,1.16175185996252,38.215231096961,1.932,273600000.0,27200.0,9332502852.61877,37.7867522740851,10.3431253996283,1.19463001633113,72.478,26.305065878619,54.2152205,16.9,1031.0,1.40085726547946
2004.0,Mozambique,Africa,Sub-Saharan Africa,799380.0,19694411.0,25.0443945675119,2.6114744795382,7631106170.94621,7.91640783637942,161.894,22.3841856128025,25.6970369885869,5.667,475513572.8,370.0,7229200495.57908,42.9497123432216,19.4020951715216,6.5176711536381,51.249,46.3759764406631,3.594928531,138.6,-40129.0,3.22033714641782
2004.0,Belgium,Europe,Western Europe,30530.0,10421137.0,344.159081902246,0.432788248129175,369214712443.206,3.5712043433582,10.907,1.02291054131515,70.906277447218,1.72,44498165771.1404,32910.0,342924468510.739,66.0121279012141,22.9599989488568,1.91499094831144,78.8780487804878,160.472207642901,87.33323948,5.2,43994.0,0.48827848090044
2004.0,Puerto Rico,Americas,Latin America and the Caribbean,8870.0,3826878.0,431.440586245772,0.0204626359646878,80322313000.0,8.74867692653547,61.815,0.626600481487628,68.5739714691732,1.7822,-39010890.85330581,14260.0,54580406957.1044,48.4268922883234,47.9433404762634,-1.29217804980291,77.143,38.55272550362571,48.41260381,39.1728171343244,-32210.0,-0.039007912220217
2004.0,Algeria,Africa,Northern Africa,2381740.0,32510186.0,13.6497627784729,1.40727321515229,85332581188.6107,4.29999999976991,8.96,9.44047738886738,40.0532239019033,2.512,884749028.0,2260.0,73519917847.0474,25.6481979445179,51.4983208158179,12.247631940321,71.762,57.9766828928446,15.0181054,35.3,-38621.0,2.6470662285033
2004.0,Guinea,Africa,Sub-Saharan Africa,245860.0,8961039.0,36.4684966628683,2.12923941806619,3635458213.65962,2.34011731256672,143.785,23.3141959078042,24.6259751804795,5.719,97900000.0,370.0,3330860870.30903,25.8162429036857,30.5082263985754,16.5215833232018,54.117,41.9204378219457,1.728594195,141.8,-56110.0,3.00555734579613
2004.0,Niger,Africa,Sub-Saharan Africa,1267000.0,13366885.0,10.5525262493092,3.54918298730086,3760443735.45875,0.363801578722132,204.454,37.3717285561201,14.2585696095611,7.634,24411286.9008512,280.0,3722973392.33924,22.7055348369284,17.7534672936549,0.386942028282064,52.589,30.5283121025065,1.289911695,183.1,-9082.0,3.52459328670792
2004.0,Qatar,Asia,Western Asia,11610.0,777943.0,67.0062876830319,3.85486532773939,31734065934.0659,19.2189153397893,17.981,0.181799293579888,64.1682249463259,2.749,1198970000.0,35010.0,27237816484.9545,26.2042038922363,15.73166135049311,13.1067848451559,75.961,77.7996744926934,63.02934401,10.8,12430.0,4.08382684316999
2004.0,Kenya,Africa,Sub-Saharan Africa,580370.0,34791836.0,61.130540815968,2.98951543624097,16095337093.8366,5.10429977629738,112.52,24.9290410875057,26.6102585752973,4.83,46063931.4543862,460.0,16076227798.9092,32.8667447731316,16.2050773387406,7.12684155505391,56.361,44.9633329069652,7.31825995,80.8,31530.0,4.70283500500608
2004.0,Fiji,Oceania,Melanesia,18270.0,866694.0,47.4380952380952,0.972529404319471,2708078476.63012,5.29999970460935,44.085,12.349896656794,54.2008480535254,2.924,250597673.082846,2850.0,2467124015.8572,70.9211395452899,19.7616287741578,2.19400859215372,66.424,78.9858941850802,16.40602104,23.0,-6639.0,1.77200648528469
2004.0,Tonga,Oceania,Polynesia,750.0,105036.0,145.883333333333,0.597769223628224,230657579.058937,-2.41070060920023,22.388,20.2497790644199,19.5663092843806,4.206,5533664.04017914,2060.0,216510816.16468,56.6150973706017,16.5534473367991,8.89119374234919,69.67,52.0251710304034,15.61369435,15.1,-1793.0,0.723009202139544
2004.0,Kuwait,Asia,Western Asia,17820.0,2153481.0,120.846296296296,2.44313720641219,59439090600.6108,10.2402980586354,17.589,0.404756603698185,56.9171133832286,2.686,23752969.1211401,29130.0,62735340924.1331,32.3805282958548,15.731975907944074,11.3712679311342,76.792,69.3651258513304,82.4046195,12.0,7427.0,2.44313720641217
2004.0,Bhutan,Asia,Southern Asia,38394.0,649991.0,17.0525224965239,2.39210919099831,682577073.528827,6.00874223613263,56.846,21.7299398203436,31.9438827280808,2.893,8859907.5392,1020.0,660738748.222435,64.0004274928242,37.3795164468806,3.7049448772667,65.268,87.0231396623247,2.94434846,61.2,5595.0,6.31241979706994
2004.0,New Caledonia,Oceania,Melanesia,18580.0,228750.0,12.5136761487965,1.52146109806749,5895008984.55746,0.5505826134125702,20.879,1.78686054314087,21.9936875370641,2.18,27480195.7306092,829.7211379336567,6036787546.149956,36.5876503275061,24.8888174139574,3.77034574558109,75.4707317073171,45.2755883322943,48.79257822,28.10407030537927,543.0,2.08236255172329
2004.0,Cameroon,Africa,Sub-Saharan Africa,475440.0,16809407.0,35.5596602568171,2.74462206750134,18826214125.2325,7.04886282296138,136.144,17.5609527218813,20.5475737052101,5.45,67984855.6422292,1020.0,17076946411.9145,21.2901687220456,27.6768854698155,0.139487830712156,54.178,25.9372381909509,9.107210028,131.1,-19445.0,4.00831089018868
2004.0,Denmark,Europe,Northern Europe,42920.0,5404523.0,135.113075,0.258432282052875,251374821136.171,2.66821926741747,5.594,1.6225264974926,43.9284349569116,1.78,-8804165491.1002,42640.0,230448552638.455,38.2793303141397,22.1296309034227,2.09573309263418,77.4926829268293,57.776669653531,95.40817928,5.0,11366.0,0.499468403225543
2004.0,Cyprus,Asia,Western Asia,9250.0,1018684.0,110.247186147186,1.81616594339173,17320552500.0,5.02634392575987,8.235,3.08331677063997,56.889798983029,1.517,1118841808.54652,20260.0,14750716601.8259,57.0138062859138,18.067459164481,2.7092681879025,77.944,37.2389968507067,89.8,5.0,13126.0,1.60738049010172
2004.0,Sri Lanka,Asia,Southern Asia,65610.0,19490431.0,310.802599266465,0.965377800187379,20662525941.2985,5.44506127885352,26.445,12.5438041438828,35.3309027324412,2.267,232800000.0,1060.0,20629101854.1838,44.1520421686776,28.6181015199147,8.80149246131563,67.091,66.4487973977935,11.34483891,28.9,-1028.0,0.883528168252506
2004.0,Guyana,Americas,Latin America and the Caribbean,214970.0,760424.0,3.86296164592329,-0.0181461236827469,787814379.183843,1.56335211034042,91.83,31.4937319776355,95.5626731827216,2.883,30000000.0,1010.0,770958869.919807,105.16261371892,17.1139253470055,6.77523783891412,64.93,157.905216364387,22.57372203,42.3,-12657.0,-0.880347745400763
2004.0,Andorra,Europe,Southern Europe,470.0,76933.0,163.687234042553,4.01273671344563,2895047587.11888,8.13567633837351,10.092,0.414741997881256,70.66007942518324,2.2274398765657053,5375829541.348762,4085.290599312674,2675557719.6732774,76.80575330083344,15.7803540103879,3.04242399802695,73.22310381431353,50.13892465887506,75.86601328,6.3,2744.0,3.51138278860428
2004.0,Spain,Europe,Southern Europe,505370.0,42921895.0,85.9848050803317,1.7254663034483,1069055675273.75,3.12273351662624,11.121,3.12832703269699,25.4119848226223,1.31,25268192650.5771,22130.0,950023984790.903,29.1121978690701,26.9939506909756,3.88222500847937,79.8707317073171,41.247056649981,89.90428836,4.9,661105.0,2.04276209944672
2004.0,Thailand,Asia,South-eastern Asia,513120.0,65311166.0,127.838019926011,0.821309424269957,172895685509.275,6.28934214285795,46.535,9.29111013904814,65.9718573391185,1.566,5860255942.60102,2520.0,164632704996.968,61.4400163812742,37.9023024950671,3.56925942602997,73.08,110.273428419226,41.28780674,18.0,119324.0,4.27545921125585
2004.0,"Korea, Rep.",Asia,Eastern Asia,99620.0,48082519.0,496.617630654823,0.396331436697806,793175007858.066,5.19739136324382,1.493,2.95801854433406,36.7543364487134,1.164,13294400000.0,16200.0,778810533817.953,33.2613784169595,34.7348397118927,3.12788028772735,77.6658536585366,60.3029590268672,76.65647019,6.0,-33556.0,0.829355606254432
2004.0,Burundi,Africa,Sub-Saharan Africa,27830.0,7120496.0,277.277881619938,3.71466281696618,915257323.3961,4.83365776809453,83.545,41.9026049689034,6.95274828690709,6.746,44690.7076028704,120.0,887399116.081681,24.6233698947461,16.3230191571129,13.1461593314354,52.01,24.364732660379,1.412261168,131.7,47090.0,6.27479146975711
2004.0,Nicaragua,Americas,Latin America and the Caribbean,130370.0,5386223.0,44.7583762672428,1.1795695481415,5795568204.64532,5.31217061215412,106.659,15.9688222709169,23.0598557398256,2.816,250000000.0,1080.0,5817801343.54709,44.1354610401784,21.396991205962,9.050902360815,67.423,66.0159602113447,13.71320868,31.8,-44221.0,1.44704383282578
2004.0,Togo,Africa,Sub-Saharan Africa,56790.0,5565218.0,102.320610406325,2.6255672619467,3071152629.2959,-0.978665335392634,90.023,27.3455442946672,24.4960965242994,5.075,79967681.861951,520.0,2907309418.15651,35.6375003772347,18.5946359253087,-1.90788896992208,55.569,48.2229370781724,5.97577669,106.4,-1007.0,3.95621797816319
2004.0,Romania,Europe,Eastern Europe,238390.0,21451748.0,93.2684695652174,-0.569786272532879,74973660680.522,10.4281130180976,35.948,12.7055114609076,25.743936265036,1.33,6443000000.0,2960.0,63520887011.2241,34.8825424019048,31.8347873600822,15.4565958769332,71.5609756097561,75.0183457623433,47.9837041,19.3,-106593.0,-0.322505381518045
2004.0,New Zealand,Oceania,Australia and New Zealand,267710.0,4087500.0,15.5235274011621,1.48621908244575,103905628688.949,4.08895692275048,27.283,5.36558854547454,29.5434106069527,1.98,2319819298.42871,21530.0,87986792904.2805,29.2561416675833,23.5521710155992,2.7580335367801,79.5487804878049,41.9024460458616,74.16558207,6.7,24480.0,1.55579026598741
2004.0,Bahrain,Asia,Western Asia,730.0,833451.0,1141.71369863014,6.85193933235192,13150159574.4681,6.98096059429825,20.395,0.5125363437934656,78.6051459613386,2.71,865308118.622994,14510.0,12089682733.2336,62.1321640785849,15.732132043676645,10.991084622511,76.56,113.633602051589,77.96067195,11.0,53424.0,6.86999335666605
2004.0,Haiti,Americas,Latin America and the Caribbean,27750.0,8961489.0,325.162880986938,1.67941646661672,6087360734.56063,-1.3178567596495,66.984,15.8505214288637,8.37501272580507,3.939,5900000.0,680.0,6076901045.00356,25.4059575921098,25.6128700214562,19.3029246844908,58.475,27.8774344744412,4.463543451,91.9,-26422.0,4.1915736705384
2004.0,Timor-Leste,Asia,South-eastern Asia,14870.0,945989.0,63.6172831203766,2.05783916860514,440764600.0,0.400002623857972,54.704,30.7889290564623,7.47455671349287,5.85,2713500.0,800.0,758114823.690026,99.8665954570762,5.50879086024604,-10.4866324353048,61.628,34.7124065771162,2.719061975,91.8,-5797.0,3.49563801525127
2004.0,Czechia,Europe,Eastern Europe,78870.0,10197101.0,131.984222107171,0.0304348483027166,119814667457.855,4.81426100126959,11.176,2.41539461296366,57.0578398918942,1.23,6423465150.75736,10260.0,104583397079.299,56.431120090335,33.5797495913721,4.04904531903559,75.7219512195122,115.973280190322,105.0830138,4.6,25947.0,-0.0631829985834922
2004.0,Faroe Islands,Europe,Northern Europe,1396.0,47989.0,34.3760744985673,1.25183798931429,1724770866.79756,17.76225366167669,12.008,11.8782177834553,43.7008864630511,2.592,6356950341.927049,2239.2762178652,1484857316.374388,49.7135446908992,18.1192660550459,13.963001600612564,79.0926829268293,72.1255225228713,86.05722145,26.623016700556565,390.0,2.61976736912888
2004.0,Netherlands,Europe,Western Europe,41530.0,16281779.0,482.280183649289,0.347475412048658,658380081545.175,1.98494571422152,6.182,1.86628779147758,62.6742441704485,1.72,139920688181.89,36630.0,596355387668.195,54.9343833012776,20.7101642590206,1.20404059769723,79.0951219512195,102.841203581208,91.38038468,5.5,12819.0,1.79694284127559
2004.0,Namibia,Africa,Sub-Saharan Africa,824290.0,1939406.0,2.35567782919749,1.24422104996521,6609206506.34686,12.2695481036769,75.202,8.93977891691032,39.797940206821,3.58,223561311.215728,2850.0,5524609226.13581,42.0643203848333,25.0806097462037,2.04025280317994,51.246,63.895718736351,14.7516817,73.8,-7192.0,3.96414988140249
2004.0,Kyrgyz Republic,Asia,Central Asia,199950.0,5104700.0,26.6147028154327,1.21010542490902,2211534585.0034,7.02681241544167,28.117,29.9044500994693,42.5559110849204,2.6,175458810.076826,400.0,2050029960.00553,51.2598210718098,21.6893695542269,5.10869479012241,68.1536585365854,75.0610011372465,5.126979739,41.0,-17310.0,1.20727992201011
2004.0,Curacao,Americas,Latin America and the Caribbean,444.0,134192.0,212.14388555680645,1.72502952808587,444650679.9241993,0.208461073109362,42.36,0.559760348644267,46.969068465935486,2.242,38818888.05591903,4247.719191785021,536110365.32809526,80.06924699181312,15.02736671908,1.38000006901808,73.4289268292683,70.8786011167387,52.07428861235629,40.380984194002,1079.0,1.59253019739367
2004.0,Croatia,Europe,Southern Europe,56590.0,4304600.0,76.9173039811307,0.0279042785156658,41855265955.2919,4.18265382626039,14.826,4.41566401494393,36.5304027945988,1.43,1314179917.33292,8570.0,36908175006.3538,45.0506523133308,24.1379071725418,3.62724227950761,75.520243902439,58.8695339466232,63.81446431,7.0,-5673.0,0.338652385305638
2004.0,North Macedonia,Europe,Southern Europe,25710.0,2032544.0,79.9270153362171,0.284333738311281,5682784433.35956,4.67408957960916,23.285,11.5539948572935,30.7041661621306,1.529,309137638.54,2590.0,5271782866.30291,50.1663188335601,21.0384420875685,-0.16604205392737,73.5975609756098,81.0870103210273,47.47879688,14.3,-2638.0,-0.0789116707501944
2004.0,Ethiopia,Africa,Sub-Saharan Africa,1136243.254,75301026.0,66.7208987653636,2.87241402666675,10131187261.4421,13.5726031368695,135.105,38.6797549469264,49.1621430085736,6.107,545100000.0,130.0,10032643822.8744,70.37276178965028,12.6855403366012,3.91136245621962,53.235,35.060056717325,0.206549642,115.3,-25428.0,4.13159883909853
2004.0,Rwanda,Africa,Sub-Saharan Africa,26340.0,8791853.0,356.378313741386,2.57920977781251,2376464519.64036,7.44768540202412,40.368,33.8956792565987,10.3936712947073,5.573,7700000.0,270.0,2377926036.65554,23.0684251909404,14.5872547069236,11.0961126526538,55.491,16.0742984733393,1.561343212,118.3,-18936.0,2.60292868626807
2004.0,Bolivia,Americas,Latin America and the Caribbean,1098580.0,9216279.0,8.50759623373027,1.73917027368374,8773451751.5121,4.17329558916248,81.857,13.3223836388477,31.1383905185998,3.633,65430000.0,940.0,8660904999.51744,26.3258755715318,26.8396494762825,7.96770950924268,64.004,46.0822047525729,19.53921968,59.8,-15173.0,2.468558749287
2004.0,Tunisia,Africa,Northern Africa,163610.0,10292225.0,66.2475862512873,0.960925967691636,31183893587.4103,6.23579072222647,6.548,9.90254515493647,42.198076650746,1.976,592147521.67862,2820.0,29057684832.6622,44.7272680458823,25.5797726482743,3.35160946012441,74.49,72.1622524041868,36.29628543,23.3,-24512.0,1.52448631143633
2004.0,French Polynesia,Oceania,Polynesia,3471.0,267132.0,76.9611063094209,1.49313076537124,5564109988.14744,0.971259129987544,41.63,0.511674102192756,61.73506389564737,2.202,6420023.00862775,6920.1942793674725,5447031791.992041,89.76197482135818,15.731155742620055,1.69146020964072,79.696,30.5349822994006,35.93728943,38.30000661986025,-61.0,2.53492234379594
2004.0,Finland,Europe,Northern Europe,338150.0,5228172.0,17.1646212941988,0.290350361518584,197479443979.151,3.99209129032087,10.495,2.37972259665655,38.6153768628983,1.8,6777097341.61981,35380.0,184950805338.495,32.3448267173938,29.3730079744013,0.602661249044417,78.7146341463415,57.2024093869365,95.40676122,3.9,6872.0,0.452371560777971
2004.0,Jordan,Asia,Western Asia,88780.0,5532423.0,62.6974501359927,2.49462542491271,11411706629.055,8.56721424236899,35.454,2.49786797513256,52.1894968421313,3.801,936812411.847673,2180.0,12047918739.4307,82.4321150922641,24.7957581974811,3.09507950152911,72.772,105.698476065703,29.35621517,23.9,7979.0,2.51123185726129
2004.0,Latvia,Europe,Northern Europe,64594.0,2263122.0,36.3688109663008,-1.09131295557421,14435700533.368,8.28414597787324,19.111,4.19690569909693,38.9123347496374,1.29,591589970.743145,5830.0,13193792964.1926,54.2233414315199,21.4336520790868,7.06230062105652,72.0268292682927,76.9273370165228,67.89267501,11.1,-18142.0,-0.943886863627841
2004.0,Nauru,Oceania,Micronesia,20.0,10335.0,516.75,-0.0870448335824672,64646466.47344628,-4.367104296101737,78.953,22.135788873015706,66.7721433794886,3.487,1193848.3695897674,6801.165232348562,70747112.75849879,64.33946481230099,10.377384348708793,4.402052000012861,58.072,62.97541142892272,25.712716506337298,38.8,-223.0,-0.0870448335824783
2004.0,Russian Federation,Europe,Eastern Europe,17098240.0,144067316.0,8.79465803239439,-0.402681471328549,591016690742.798,7.19994786994475,29.03,4.90444194789091,34.4178910548533,1.344,15402990000.0,3410.0,490861748444.553,22.1639613425553,31.7022224264003,20.2551495764541,65.4709756097561,47.4756473708639,51.16733273,15.0,239753.0,-0.34136940906381
2004.0,Australia,Oceania,Australia and New Zealand,7741220.0,19932722.0,2.5946294729443,1.06919812205752,614326362213.686,4.21663327252608,15.913,3.06268960885575,17.1717885180982,1.768,42907672820.3756,25830.0,514917421677.904,19.857923623816,23.9461800328848,3.23706174014373,80.490243902439,31.8965637896297,82.70993065,5.8,109226.0,1.21137453896552
2004.0,Cuba,Americas,Latin America and the Caribbean,109890.0,11225294.0,105.490968893901,0.232575967917871,38203000000.0,5.77053807021557,44.258,5.4744391801691,16.0217783943669,1.517,109492509.7388624,3500.0,39238796239.0479,15.2896369395074,22.0396303955187,0.605978559202327,76.912,20.80203125409,0.675233985,7.6,-13532.0,0.356276117639966
2004.0,Guinea-Bissau,Africa,Sub-Saharan Africa,36130.0,1347009.0,47.9021692745377,2.35534585979133,532062894.801533,2.76140199048032,123.773,41.9916814279146,18.4598915805643,5.5,1915633.35188715,370.0,501541357.905356,26.3852204564166,15.5878778374564,-1.38677412017138,52.15,29.8836850969112,2.928785183,151.5,-5144.0,3.37984052976644
2004.0,Djibouti,Africa,Sub-Saharan Africa,23200.0,818373.0,35.3051337359793,1.47246847937649,666072101.777505,0.5505008458998824,27.691,0.511870887676823,61.75563203913519,4.113,38543559.8494269,3958.989495662498,1579041420.3785162,89.76147564358233,15.73473921518201,3.77081802651534,57.759,44.8900350580781,4.213482116,91.0,-5247.0,1.53249373075503
2004.0,Honduras,Americas,Latin America and the Caribbean,112490.0,7383407.0,65.9880865135401,2.48929432977264,8869299234.3377,6.23230296069102,108.406,12.1707041468662,58.4229834527808,3.677,592120092.945897,1190.0,8822620114.41531,77.0387752890733,26.5378388000557,6.45198385160759,69.796,116.818699270932,9.578248846,31.4,-7082.0,3.87594791097303
2004.0,Lao PDR,Asia,South-eastern Asia,236800.0,5768167.0,24.9920580589255,1.38084411454621,2366398119.8821,6.35769548012803,91.629,30.5213475171472,24.9121225649626,3.808,16917263.0,380.0,2196274838.46009,41.1676290567935,19.3595097684512,10.6904285434965,60.293,45.4699482288977,3.539963389,90.8,-40174.0,5.72665315988699
2004.0,Bangladesh,Asia,Southern Asia,148460.0,138789725.0,1066.21898286856,1.66119164263389,65108544250.0425,5.23953291029852,134.765,19.2669595662859,11.1465089461353,2.914,448905400.707685,500.0,69524380791.4125,15.7117252031078,22.7797200060528,4.5621363796936,67.187,31.2416753197285,2.004154126,68.3,-535175.0,4.31932435855494
2004.0,Nigeria,Africa,Sub-Saharan Africa,923770.0,136756848.0,150.155196152706,2.69550346507859,135764715375.206,9.25055822849694,130.599,27.2304536003492,20.2538033796441,6.085,1874060886.97608,860.0,117964413095.131,11.6420670608479,28.3900400642307,22.3683414787629,48.767,38.8871289967303,6.68866615,160.4,16528.0,4.96110976626493
2004.0,Trinidad and Tobago,Americas,Latin America and the Caribbean,5130.0,1361172.0,265.33567251462,0.561680029157224,13280292692.3489,7.95005151069972,39.002,0.761483945963904,61.79864035389696,1.685,998100000.0,9190.0,12510218252.4221,89.80139740741427,54.3682801507327,8.88422470453017,71.076,85.6532326772693,47.84031702,26.8,-3504.0,0.221355854434767
2004.0,Argentina,Americas,Latin America and the Caribbean,2780400.0,38668796.0,14.1297684429,1.01533668354561,164657930452.787,9.02957330068152,62.62,8.36248661002826,23.8476194239892,2.43,4124710000.0,3360.0,129809211586.469,16.8450266849578,28.816922006834,18.3633542492033,74.855,34.629974908102,34.94389378,17.1,-22336.0,1.20915917460343
2004.0,Nepal,Asia,Southern Asia,147180.0,26003965.0,181.401918381584,1.24233141085399,7273938314.71988,4.68260325152944,105.84,34.6763571054627,16.6826952635217,3.311,-417346.383904296,280.0,7206823183.40517,29.464591457087,16.6573202744672,4.16642715074835,64.818,37.2562961458708,0.44907767,62.7,-212507.0,3.3050952685761
2004.0,Kazakhstan,Asia,Central Asia,2724902.0,15012984.0,5.56098233137015,0.694909484311257,43151647002.6096,9.60000000136854,25.805,7.12295798751998,52.5004104250221,2.21,5615262947.0,2300.0,34581107936.9082,43.9087892759115,35.3518419501918,16.1316269947904,66.06,76.1824919406018,15.76480026,33.2,9413.0,0.824455477952229
2004.0,South Africa,Africa,Sub-Saharan Africa,1219090.0,48556071.0,40.0267671813303,0.935290168887955,255806928394.811,4.55455990721774,59.705,2.411716114862,22.7575187856654,2.436,701422007.629779,4070.0,197709492767.053,22.8860564383387,26.3036366679746,6.042171590455,54.043,38.9403057317741,42.91739338,77.8,58977.0,1.86684409245862
2004.0,Tanzania,Africa,Sub-Saharan Africa,947300.0,38360879.0,43.3064788891398,2.71359210283265,16675948414.7573,7.50381466047716,130.971,25.6969763323593,16.0400668388313,5.607,442539548.35,460.0,17189314210.8935,17.5581648563769,23.0975561138363,6.88562312967325,55.596,25.2159571102942,5.062449169,100.0,-126446.0,5.27258840303019
2004.0,Brazil,Americas,Latin America and the Caribbean,8515770.0,184722043.0,22.1008553338422,1.13939301199192,669289321953.683,5.75996463670954,78.351,5.66531157603221,16.5457615119353,2.002,18161380459.7533,3340.0,616154479434.957,13.1324909668183,24.306623290035,7.75206076321267,71.131,24.3707757840619,35.51552318,26.5,-5390.0,1.52549407216353
2004.0,Vanuatu,Oceania,Melanesia,12190.0,212422.0,17.4259228876128,2.46104681641835,364996869.129618,3.98739280216962,71.909,23.5987549935054,45.5995882655687,4.226,19840843.5043493,1530.0,325135526.076418,53.1063892360856,7.59748057740852,2.11687819436077,69.313,45.2058672156459,4.944873883,28.2,-425.0,3.73014399577226
2004.0,Austria,Europe,Western Europe,83879.0,8171966.0,99.0301260300533,0.620413127334181,301457562038.541,2.73512022241023,13.758,1.47647439267771,46.8672149740213,1.42,3183649649.5378,33850.0,276660022974.839,43.9251307189084,27.3737678166123,1.73971884960345,79.1804878048781,79.0429665750219,97.80672818,5.1,54907.0,0.146033119948255
2004.0,"Congo, Rep.",Africa,Sub-Saharan Africa,342000.0,3543012.0,10.3748521229868,3.39770601248237,4656974937.55227,3.47663162118089,119.632,5.50940630344491,80.5297928332926,4.687,88557997.2244039,760.0,2697315750.04467,50.8384058840296,65.864484078508,16.807238305785,56.986,94.524880615177,10.82844201,93.4,25414.0,4.15548665988047
2004.0,Kiribati,Oceania,Micronesia,810.0,96224.0,118.795061728395,2.01764084838712,102370615.240641,-1.62936020385506,41.023,24.4015928309675,12.1822258397528,3.781,1953667.8801,1390.0,133889911.346705,91.0083930381534,7.94518914328941,1.70764077473029,64.989,59.5874117358855,0.639133688,64.3,-139.0,2.06227687150349
2004.0,Iraq,Asia,Western Asia,438320.0,27858948.0,63.696522395226,2.87715845950826,36627901762.063,53.3817941825641,70.417,6.93856130624701,56.2709085305741,4.575,300000000.0,1300.0,36115940056.3216,63.9630685911016,61.8350607638528,17.3122113353183,65.031,106.78198345642,2.060379308,40.9,69948.0,2.95577908767335
2004.0,Cabo Verde,Africa,Sub-Saharan Africa,4030.0,486583.0,120.740198511166,1.34359900654352,924940012.85542,10.1970726091436,93.514,9.86346771915503,32.004173065871,3.038,67638273.8033899,1790.0,868569947.547732,69.5629969236308,18.2180833159781,-6.33254697357188,71.999,48.2193432872619,13.51876247,28.6,-3662.0,2.84854566528668
2004.0,United Arab Emirates,Asia,Western Asia,98647.9,3993339.0,56.2283722894959,4.609526743863,147824370319.946,9.56643663716162,25.047,1.66536190905993,63.5677298138648,2.384,10003500000.0,36840.0,147125913782.78,53.0548827099662,51.6783480847693,8.50142205935694,76.453,110.319428147766,92.23151353,10.1,122863.0,5.09809234355025
2004.0,Maldives,Asia,Southern Asia,300.0,302135.0,1007.11666666667,1.63811451653174,1226829562.5,6.03375404861777,16.824,5.58419942501182,61.762974575514704,2.284,52933701.7280929,3890.0,1174693618.86894,89.78346092248175,11.0588125194448,9.97004006551359,73.538,67.0834829185982,37.48204439,26.9,402.0,5.52343174486409
2004.0,Estonia,Europe,Northern Europe,45230.0,1362550.0,32.1431941495636,-0.597820510395586,12145911801.2422,6.80400777050136,22.436,3.61949868570147,61.0793356433405,1.47,1086893435.16594,7500.0,10218911832.9058,68.8988723961921,25.4317200409636,4.69046936929665,71.909756097561,117.471625296511,92.165096,7.8,-3768.0,-0.782094568681874
2004.0,Equatorial Guinea,Africa,Sub-Saharan Africa,28050.0,826355.0,29.4600713012478,4.53953968288754,4410764338.66733,37.9987268556423,177.202,0.5122606867991022,61.77851448642972,5.618,340914468.516,1490.0,1235368024.27638,89.78370478781322,15.733208623846194,16.9227635071874,55.036,129.025256464268,7.490727351,138.0,14733.0,7.6682135427641
2004.0,Belarus,Europe,Eastern Europe,207600.0,9730146.0,47.9754751867465,-0.682169472243919,23141593073.9738,11.4497431053962,22.657,8.85025144123636,67.8863333586708,1.233,163800000.0,2170.0,21128569021.0448,74.2501770290328,35.0189431066695,22.6751224510942,68.9560975609756,130.78183469589,22.39351493,9.4,-12943.0,-0.0234149555735391
2004.0,Senegal,Africa,Sub-Saharan Africa,196710.0,10698691.0,55.5689554874565,2.50033904791585,10076816661.048,4.64329393683312,93.005,14.2017995388,19.10166287579,5.184,137583476.929811,880.0,9373268879.52529,34.5575402517628,25.0673709569857,-0.134935110953364,60.027,43.148547266988,10.48085228,99.1,-41027.0,3.49300318442015
2004.0,Poland,Europe,Eastern Europe,312690.0,38182222.0,124.644083178272,-0.0585127351273288,255107275407.423,4.98284456986049,14.396,3.29260490134403,34.2354604213308,1.23,13868000000.0,6260.0,238920291805.737,37.2101970761694,28.7654687484929,4.91662799719515,74.8463414634146,64.5779308868768,59.84050126,7.8,-17064.0,-0.240274327668896
2004.0,Marshall Islands,Oceania,Micronesia,180.0,54435.0,302.416666666667,-0.106492371991223,132934600.0,1.32748143966298,91.005,7.21663133601034,30.2811307214224,4.209,1155999.9,3270.0,178271952.802604,83.7122916080539,10.2971686829464,-0.15636648323337,63.695,78.2339586533529,1.183062368,41.4,-1627.0,0.6130427328136
2004.0,Iceland,Europe,Northern Europe,103000.0,292074.0,2.91345635910224,0.8779361576874,13825309101.2703,7.80239950753543,13.6,5.28393153223334,32.4099789513317,2.04,755317000.399857,42020.0,12273035646.5981,38.0219231089409,21.5435357301157,2.6750133342794,80.9975609756098,46.8850276874056,99.21603503,3.2,611.0,1.01255999170572
2004.0,Cayman Islands,Americas,Latin America and the Caribbean,264.0,45286.0,188.691666666667,3.19495923650163,1154789371.050485,3.3852672138102355,44.503,17.295277265537862,50.79721043265152,2.4929190844925952,3703460999.9,53096.21712645047,2569537269.3527555,54.620412748524025,18.51549162814105,1.236960635565312,78.61585452257204,88.33976036763003,74.63675308,5.692900691787067,1036.0,3.19495923650165
2004.0,Colombia,Americas,Latin America and the Caribbean,1141750.0,41648268.0,37.537871113114,1.42817053070487,117092416651.395,5.33302206745236,87.94,7.91098316231374,16.7707514248023,2.33,3115635873.52058,2640.0,110136418522.642,19.0926755089972,29.7258920854426,7.28303340696419,72.695,28.157246167493,24.97241422,22.2,-25907.0,1.97049976240107
2004.0,Greece,Europe,Southern Europe,131960.0,10955141.0,84.9894569433669,0.247413542822812,240963562236.127,5.06099220398106,10.889,4.27540756814993,20.7081146865937,1.31,2147927926.7584,10715.688906052948,257515389791.10223,29.1903267541014,20.3440194952788,3.06266241788144,79.0390243902439,28.2482543702181,83.88897436,4.9,-1102.0,0.767168289554225
2004.0,Zimbabwe,Africa,Sub-Saharan Africa,390760.0,12160881.0,31.4356494765413,0.701855595519876,5805598400.0,-5.80753802273949,103.553,18.0637968344486,34.469799013311,3.738,8699999.9,320.0,3903881920.5055,41.5698095824196,24.3827492442467,7.61152431608578,44.502,70.46646561016,3.500938501,92.9,-156566.0,0.163857394368567
2004.0,Indonesia,Asia,South-eastern Asia,1910930.0,225938595.0,120.338912682109,1.27322648868512,256836875295.452,5.03087394501685,48.246,14.3357802955642,32.2166946182599,2.418,1896082770.0,1070.0,241393121389.315,27.5446002184312,44.6276159754602,8.55072703186366,65.75,48.9197666244248,13.42692564,49.6,-102669.0,3.0452411261964
2004.0,"Micronesia, Fed. Sts.",Oceania,Micronesia,700.0,111438.0,159.197142857143,-0.328790000684937,240236000.0,-3.08015304747474,50.712,21.9593233320568,15.5280640703308,3.706,3057193733.8887763,2340.0,260265322.623584,78.1895719209444,6.11885812284587,0.99330611340207,70.838,62.438602041326,11.4700551,36.1,-3038.0,-0.328987257608594
2004.0,Paraguay,Americas,Latin America and the Caribbean,406750.0,5416324.0,13.6328316133904,1.17127562545308,9624440836.29309,4.05741836363771,76.36,13.9333504941588,45.6878246718486,3.119,93979000.0,1430.0,7746203870.01784,34.4166219437055,38.4052880586144,11.8350052238006,70.481,62.0399678439892,32.29215977,30.7,-40910.0,1.74526541518773
2004.0,Chad,Africa,Sub-Saharan Africa,1284000.0,9613503.0,7.63461165819568,4.43602666694242,4422855658.38043,33.6293718524659,195.843,29.7742610425581,51.0088580567156,7.16,466793492.1491,340.0,3263364781.69767,50.7597328648482,39.0982018059117,9.73425647986646,48.232,71.0852951767202,1.279450373,170.9,110387.0,4.58773196573542
2004.0,Panama,Americas,Latin America and the Caribbean,75420.0,3243311.0,43.6280737153619,1.92079922199436,15013381700.0,7.52207965784608,92.801,6.43837557263997,57.76765137464,2.691,1277900000.0,4500.0,14578813573.822,65.884909860115,19.1095521137653,1.96500459793643,75.544,30.2263679874335,38.84758508,23.5,3596.0,2.38890297943089
2004.0,Germany,Europe,Western Europe,357050.0,82516260.0,236.592195429653,-0.021709727650009,2814353869359.08,1.17508813160987,11.329,0.951063416014002,35.713363859767,1.36,-20408419557.1429,31670.0,2613023853406.19,30.5128352456553,26.4048494598943,1.11559586662639,78.6804878048781,57.7620681499519,87.76291359,4.9,73107.0,0.245211652539077
2004.0,Peru,Americas,Latin America and the Caribbean,1285220.0,27893911.0,21.79211796875,0.974731754515074,66768703497.5687,4.95820320611745,68.165,6.93443306205717,22.91223375085,2.673,1599038388.965,2260.0,63099778745.3926,19.0238445170772,32.6500976155483,6.27903857710506,72.668,34.3124829446991,14.67186871,28.2,-194133.0,1.50531795351236
2004.0,Philippines,Asia,South-eastern Asia,300000.0,84607501.0,283.755914411242,1.98712673013663,95002000250.4167,6.56922851180626,50.739,13.9844036917201,41.8268409907999,3.543,592000000.0,1290.0,108902658249.945,45.2984438324049,33.6186962072883,5.89075853406953,70.037,90.2959935305402,38.92784282,34.9,-182951.0,1.80168776528927
2004.0,"Macao SAR, China",Asia,Eastern Asia,28.0,475529.0,16983.1785714286,2.77099628005097,10643253442.6232,26.6308472413446,3.737,0.5125082927272908,94.7705605396922,0.8,771496386.166368,22040.0,10480125920.7844,54.133189665269,8.41980745356164,1.93343482956736,81.691,64.8861744881825,90.94063466,38.26329442855141,11508.0,2.77099628005097
2004.0,Belize,Americas,Latin America and the Caribbean,22970.0,272128.0,11.9302060499781,3.03310164793291,1389500000.0,4.63075060532687,89.73,10.4247715005398,42.6052536883771,3.207,111496166.355423,4940.0,1343901518.39356,44.4404462036704,17.4820259086002,2.31151550214324,69.227,59.3738754947823,27.56055974,21.3,2330.0,2.99605658716917
2004.0,Tuvalu,Oceania,Polynesia,30.0,9791.0,326.366666666667,1.26421335306978,22798266.5963107,-2.27272727272727,33.573,17.6477419354839,86.80995405230287,3.62,-11696.8345342259,3390.0,33183330.5046274,67.69336819963556,8.99612903225806,5.73643410852713,63.693,48.2492822580645,5.106730671,38.7,-12.0,3.39304927227705
2004.0,Ghana,Africa,Sub-Saharan Africa,238540.0,21906444.0,96.2751340423662,2.66890927022094,8881419348.21705,5.59999999077445,77.572,37.9524260930096,39.3033251214107,4.531,139270000.0,370.0,8152857776.34763,60.3670092258015,24.716756265122,14.3501511250415,59.191,73.4567274014563,7.737449309,86.1,34434.0,4.13576058789423
2004.0,Suriname,Americas,Latin America and the Caribbean,163820.0,510572.0,3.27289743589744,1.33920010200757,1484092538.40527,8.50000018479413,78.848,5.22488058560067,61.78936179251536,2.781,-37300000.0,2730.0,1392461561.97575,89.79671045129864,31.0288898927889,12.8379278475888,66.416,108.888088726359,41.68246594,27.5,-1684.0,1.44848670450733
2004.0,United Kingdom,Europe,Northern Europe,243610.0,59987905.0,247.955627660894,0.568943113421317,2423047347028.45,2.34497148161661,26.48,0.729624760091279,23.979764549425,1.75,87059621382.2839,37810.0,2268011388247.38,26.3536141209896,20.2210938326457,2.65324298148097,78.7463414634146,33.819644548216,99.4867395,6.1,247447.0,0.93379733417362
2004.0,Malaysia,Asia,South-eastern Asia,330800.0,25333247.0,77.106215187947,2.3720084635771,124749473684.211,6.78343772370305,13.226,9.27100209261509,115.373337721075,2.415,4376052631.57895,4710.0,119334486561.907,95.0009281760497,48.5303176049683,6.00928261482106,73.898,185.822026461455,57.67519655,8.3,244359.0,3.7730778753259
2004.0,Mauritius,Africa,Sub-Saharan Africa,2040.0,1221003.0,601.479310344828,0.627103982385528,6578840498.66931,4.33001985464357,37.692,5.27618107783016,53.3231314533134,1.92,13894736.4049872,5170.0,6315574445.80221,55.1456011773776,24.4105005407791,6.84544976460784,72.2658536585366,72.4139763072779,43.80628289,15.8,-3288.0,0.36221503539923
2004.0,Antigua and Barbuda,Americas,Latin America and the Caribbean,440.0,78941.0,179.411363636364,1.10308348343215,919729629.62963,5.7670286118037,51.554,1.60997394564425,101.326074087796,1.852,80366585.1851852,11650.0,919598865.680008,79.8302238580581,13.0533530385339,1.53951712523239,75.672,55.559806223246,68.40551805,13.5,101.0,-0.975947246488804
2004.0,"Iran, Islamic Rep.",Asia,Southern Asia,1745150.0,69061674.0,42.4013814189936,1.61586394638623,190043433964.841,4.33666597851055,33.222,6.88957846945821,25.266928255823,1.796,3037299840.0,2510.0,173535908321.52,26.0469290707658,47.4704724796045,24.708242396963,71.37,38.7664011657618,7.34948591,28.1,369535.0,2.66367222859408
2004.0,"Gambia, The",Africa,Sub-Saharan Africa,11300.0,1612225.0,159.310770750988,2.89265160161859,961900640.746364,7.05000000064635,102.605,31.502618345017,20.5947828682591,5.705,55526319.4407831,430.0,700751703.225409,29.3395166933091,11.4516644496493,94.1901141376152,58.088,25.6783278373062,10.85456434,95.9,-3632.0,4.33218068112684
2004.0,Seychelles,Africa,Sub-Saharan Africa,460.0,82475.0,179.29347826087,-0.370334934558794,893012218.181818,-2.8504539768538,53.04,3.22710437515749,72.881704642054,2.01,38014852.1,9870.0,813794957.292475,76.6592321082362,21.2664381340441,24.674119952404,72.6609756097561,88.2406739746939,64.17947447,13.9,245.0,0.146395624833013
2004.0,Malawi,Africa,Sub-Saharan Africa,118480.0,12411342.0,131.643423843869,2.64004024351051,5058726350.48896,5.42049754887375,156.652,28.8733040048574,38.372289755784585,5.93,107811374.01292,410.0,5037751622.27274,51.28445614430486,18.4439345804436,14.8466261152179,50.453,27.9516997368978,1.789774224,119.7,-32211.0,3.23655360080743
2004.0,Madagascar,Africa,Sub-Saharan Africa,587040.0,18250774.0,31.3835230594628,2.9270346495312,5064732625.39054,5.2570036214801,142.052,31.4205052808436,19.4573064554058,5.133,52910748.0000001,340.0,6135995042.07329,29.3180754298099,20.246612001656043,13.9558018040475,60.149,52.75698042982,1.829445699,88.3,485.0,3.90662169635098
2004.0,St. Vincent and the Grenadines,Americas,Latin America and the Caribbean,390.0,112608.0,288.738461538462,-0.443035334521563,549900185.185185,4.11469880444737,67.632,5.85289384167699,61.17728076430866,2.087,65686166.6666667,4810.0,541729753.305132,80.21868638814362,16.1819535599222,3.74722621391517,73.035,47.8268615078629,63.93861893,21.7,-1726.0,0.358477998106102
2004.0,Singapore,Asia,South-eastern Asia,699.0,4166664.0,6047.40783744557,1.2519166730553,115033570415.043,9.93998268434957,6.903,0.0556489896262466,213.951695442646,1.26,24390254965.552,26170.0,109050961810.671,187.572017095863,31.8858938554669,3.95952821977868,79.490243902439,323.589017238157,93.4502185,3.0,15629.0,1.2519166730553
2004.0,Mauritania,Africa,Sub-Saharan Africa,1030700.0,2946575.0,2.85880954690987,2.16989899804321,2362501023.24249,4.7327579245203,91.69,22.9178992193284,23.2692575686957,5.192,404102025.7397,800.0,2353801956.5297,51.9495471101002,27.5321174229442,10.9375404710505,61.593,57.6930967051733,17.7290523,77.7,-19075.0,4.32242617730309
2004.0,El Salvador,Americas,Latin America and the Caribbean,21040.0,6035655.0,291.296090733591,0.14600619513778,13724810900.0,0.889404485692197,82.695,5.72792591262587,25.9062104819237,2.546,363270000.0,2270.0,13675886880.0795,43.8760536948454,25.6039214354494,2.71767338213316,70.34,70.1940454421853,30.36254883,26.4,-89193.0,1.0435453690315
2004.0,Mexico,Americas,Latin America and the Caribbean,1964380.0,103945813.0,53.471443709972,1.4696529746789,782242912348.371,3.92059081028791,72.839,3.33919043587465,25.8403039526232,2.536,25142732841.0,7860.0,817520629886.246,27.6458412865828,32.851060047984,7.96171097710625,74.372,49.8873168218886,36.99151884,23.8,-270797.0,1.88500485100268
2004.0,Armenia,Asia,Western Asia,29740.0,3065745.0,107.68335089568,-0.596992234773189,3576615240.41616,10.4999999988202,31.569,0.512630826921825,28.1907438231723,1.541,247140608.495888,1160.0,3546208611.83124,44.8798901687648,15.732452031128272,6.27859410767147,71.421,57.9877862332958,6.631634399,25.1,-30623.0,-0.751432255097974
2004.0,China,Asia,Eastern Asia,9562912.5,1296075000.0,138.053436689892,0.593932815112141,1955346808095.44,10.1136213780461,12.528,12.916648166837,31.0613375828803,1.605,68117272181.2194,1510.0,1959622282534.32,28.4441866419381,45.9002116666747,6.9519926804569,73.748,59.0460472392909,25.81891467,26.3,-458505.0,3.97537212954358
2004.0,Papua New Guinea,Oceania,Melanesia,462840.0,6293166.0,13.896493397518,3.26552943968256,3927157866.96465,2.72117574098235,74.723,35.9686628123206,72.1640496028947,4.283,32542985.2516695,540.0,3409345826.90456,58.9188614133539,36.990625566481,-1.99237190163089,61.761,107.762410969004,0.767674013,66.3,44804.0,3.12093506747836
2004.0,Serbia,Europe,Southern Europe,88360.0,7463157.0,13.895695161226255,-0.233328451597809,26141968161.0924,9.02819692829154,21.578,8.53045466312612,25.1366019250236,1.57,501608127.1171207,3250.0,24284459530.1205,49.0931721020123,30.2819405548941,8.12336874641409,72.6829268292683,29.780833339207742,51.17181283,9.7,480.0,0.184998993055132
2004.0,Slovak Republic,Europe,Eastern Europe,49030.0,5372280.0,111.689812889813,-0.0203617202597358,57437444469.087,5.27888071780144,20.48,1.66748149791647,69.0463247537288,1.25,4063498784.60236,9060.0,48686151197.8977,70.6040525429178,32.0426492963052,5.73872793064101,73.9585365853659,100.295200339222,79.53895594,8.5,-225.0,-0.289251561103309
2004.0,Azerbaijan,Asia,Western Asia,86600.0,8306500.0,100.475372556609,0.875427280482454,8680410157.5717,9.25380179728907,33.684,10.9880190382406,48.7890084640454,2.0535,4719107000.0,960.0,8008534975.31597,72.718107430072,50.7690323790767,9.25196510735844,67.346,82.1504960082999,17.02308418,55.7,13488.0,1.26130075641327
2004.0,Zambia,Africa,Sub-Saharan Africa,752610.0,11188040.0,15.0500275763731,3.17893646862542,6221109716.39571,7.03239511515218,144.502,15.5809428822284,33.5399822510719,5.715,364040000.0,480.0,5337148098.70843,37.2730926807002,25.6961251757115,19.7168232055938,49.487,59.92500003938,4.150449945,115.8,7828.0,4.50249985192117
2004.0,United States,Americas,Northern America,9632030.0,292805298.0,31.9589450682826,0.925483968943482,12217193198000.0,3.85255260064351,39.658,1.26548363027696,9.62875008142275,2.0515,213641000000.0,43510.0,12740191787652.4,14.8193121829029,20.9500365551967,2.68440804151825,77.4878048780488,19.1578782627679,62.87475074,8.1,1200409.0,1.14388530085121
2004.0,Chile,Americas,Latin America and the Caribbean,756096.0,16017966.0,21.5430754829651,0.996674255969576,99079365628.3333,6.67425416822923,49.294,3.75826582540335,39.6857495120642,1.826,6797252642.36959,5260.0,84244546840.1893,30.2036105411816,32.7525021838824,7.02476170663786,77.616,57.8465552706468,57.81873304,9.3,11515.0,1.06588532302092
2004.0,Hungary,Europe,Eastern Europe,93030.0,10107146.0,112.777795135015,-0.221439378654807,104120803140.221,5.00462069164915,21.365,4.35240848924202,59.5622589212091,1.28,4538099567.15789,8650.0,87458389223.736,63.884046937055,26.8506118339129,5.09107072516386,72.6487804878049,111.509896676114,86.45494989,7.9,16803.0,0.398121565451941
2004.0,Georgia,Asia,Western Asia,69700.0,3927340.0,68.7102417859267,-0.619262410024726,5125365191.98664,5.79449634569851,42.033,16.3950612257362,31.1289353948882,1.592,492732940.01,1210.0,4742739049.97525,47.9118105106725,24.1757682481195,8.4318358210776,70.567,48.6404364687561,21.07481837,26.2,-30611.0,0.112500652161642
2004.0,Sudan,Africa,Northern Africa,2505810.0,28831550.0,12.1344907407407,2.25392586427754,26646007250.7319,5.14088851762675,96.037,34.0060768565709,14.300391937677,5.094,1511070000.0,640.0,23278730163.1754,16.1319456818282,21.4151752034683,17.2739979186081,56.773,29.4715824630135,3.636842279,91.2,-86754.0,2.41609660745069
2004.0,Israel,Asia,Western Asia,22070.0,6809000.0,314.648798521257,1.76762364154994,139973668874.271,4.7844674262581,15.683,1.61683891908439,37.8637675568332,2.9,2946900000.0,20680.0,140833491513.468,37.7899661895852,20.4558539580034,0.127336204100104,80.1463414634146,58.2123771244361,109.4901505,5.8,15542.0,1.83652448597197
2004.0,Uganda,Africa,Sub-Saharan Africa,241550.0,27146084.0,135.859486512187,2.95848070670913,7939487548.40605,6.8072333442985,148.768,21.6703526423589,12.6968807488418,6.653,295416479.800692,280.0,7556670895.31418,22.7632054970326,20.8640088143099,15.5875499856727,51.547,29.976745797376,4.291723992,115.2,-138801.0,5.69753833779394
2004.0,Albania,Europe,Southern Europe,28750.0,3026939.0,110.472226277372,-0.417931377925999,7184685781.51876,5.51466791097914,19.046,20.537486307981,22.2175607600291,1.89,341285112.537562,2100.0,6361564926.53701,44.8296265467915,24.6655622675068,3.15236892537025,76.376,40.5584891060332,41.12783099,21.5,-54383.0,1.97179893742068
2004.0,Mali,Africa,Sub-Saharan Africa,1240190.0,12751995.0,10.4508273301699,3.26662811589565,5454249122.71389,1.55999866053489,182.761,30.0155098700279,23.6771847065241,6.741,84992921.5331431,390.0,4948148804.09093,31.6344329544929,22.6104074322212,3.59862414352318,53.538,42.9023307764805,3.190567687,163.3,-10805.0,5.70178264070663
2004.0,Bosnia and Herzegovina,Europe,Southern Europe,51210.0,4142860.0,80.915234375,-0.982327609602979,10156541358.1787,6.32526616861466,17.836,8.58349505778716,22.5362423993153,1.219,889597294.548592,2450.0,10154899303.625,59.2764412254606,20.2334920339996,2.16197157775764,76.133,75.8919766894173,33.97269036,9.0,-68032.0,-0.251084195362237
2004.0,Saudi Arabia,Asia,Western Asia,2149690.0,23661808.0,11.007079160251,2.18309041865558,258742263029.008,7.95844166576319,18.848,3.86831508108323,50.9853055272008,3.337,-334320000.0,10800.0,255448434417.684,24.0974934941378,56.7055857063783,11.0564838174165,74.153,67.0060615418529,38.77879493,17.5,10112.0,2.4608597012664
2004.0,Montenegro,Europe,Southern Europe,13810.0,613353.0,380.53338010102993,0.177216475615812,2073234417.68066,4.42605071745102,17.577,9.2619220581357,42.02204717619,1.751,3870302492.798735,3100.0,1900212333.82252,58.0876077909525,18.9729443885822,5.8857266503671,74.5639512195122,56.45364286777316,76.47930187,11.4,-1848.0,1.08098606908643
2004.0,Uruguay,Americas,Latin America and the Caribbean,176220.0,3313801.0,18.9338418466461,0.10866542041562,13686329890.1191,5.00416035564457,64.987,10.9967908719866,32.1122956028892,2.09,352712784.345572,4140.0,13713762752.4939,29.364392483135,22.4348058065943,10.1050559964877,76.007,44.1681593862809,18.09909527,15.2,-15661.0,0.377638776778915
2004.0,West Bank and Gaza,Asia,Western Asia,6020.0,3236626.0,537.645514950166,2.55527589181892,4603100000.0,21.9252394933447,70.079,11.1403184810237,12.9651756425018,4.942,20520000.0,1640.0,5317262908.65168,68.1584149812083,19.9887032651908,-4.85518434337719,71.182,55.98389258015172,12.4561417,26.9,-32854.0,2.85499590394494
2004.0,"Yemen, Rep.",Asia,Western Asia,527970.0,20733406.0,39.2700456465329,2.66182702320952,13872791658.5487,3.972696401183,98.376,11.7309360760433,45.641336215880905,5.712,143578000.0,580.0,11969777275.5939,64.14419202036513,45.166362647826,14.1055624377056,65.006,58.0849204567595,7.11894611,77.2,-102701.0,4.58581226648359
2004.0,Lithuania,Europe,Northern Europe,65300.0,3377075.0,53.8780312699426,-1.12299127483243,22627507451.5648,6.56949011753593,19.776,4.1728968841311,48.7713580307085,1.27,879540745.774168,6010.0,20291492624.9083,55.8326608458145,29.5852959787579,2.68179721009696,71.9609756097561,95.8523604353076,89.1476662,9.3,-35427.0,-1.25947161177743
2004.0,Uzbekistan,Asia,Central Asia,444103.0,25864350.0,59.3419111489424,1.15376921505544,12030023547.8807,7.44900060514632,9.457,26.4440094608923,41.7898866324117,2.46,176599999.9,460.0,11867567569.6515,34.8057825625969,22.3056846912976,15.9182742726598,67.401,63.7737737541799,2.073953104,46.2,-38839.0,2.16397410749235
2004.0,Benin,Africa,Sub-Saharan Africa,114760.0,7894554.0,70.0120078041859,3.02645705105477,6190270377.07583,4.42968455385082,114.768,26.5208492800284,18.5135475659125,5.721,-40774605.0603662,720.0,5655949819.70402,21.389426770597,20.4994246078487,0.769711003809874,56.826,23.6338626729111,5.818213416,124.4,4173.0,4.2906906587585
2004.0,India,Asia,Southern Asia,3287260.0,1136264583.0,382.170188585324,1.67281087022876,709148514804.659,7.92293661286503,73.229,17.8146906487994,17.8591249630479,3.046,5429250989.85717,600.0,687282161520.167,19.6446890963991,29.219106305293,5.72541322746282,64.524,24.8782866094837,4.595760598,77.7,-214351.0,2.82462858995052
2004.0,Greenland,Americas,Northern America,410450.0,56911.0,0.138655134608357,0.256870544844429,1822499870.64051,6.90658283676629,59.538,16.4497605026239,39.2867282735124,2.415,4285187355.331,25730.0,1464492500.06909,48.8657074560158,15.7106615256395,-0.538444084879913,68.6439024390244,50.8642011411615,68.64031231,28.83739740500484,-349.0,0.550483595457193
2004.0,"Congo, Dem. Rep.",Africa,Sub-Saharan Africa,2344860.0,54815607.0,24.1792668886879,2.98105657054334,10297483481.223,6.73837393324294,123.8,23.8793594908244,22.7295135131027,6.618,409032814.4,190.0,10160866713.7585,26.6069011123967,31.7824234941503,6.36545826266112,53.426,38.5336864801528,3.631670083,141.8,4255.0,4.27041474167126
2004.0,Afghanistan,Asia,Southern Asia,652860.0,23553551.0,36.112339205495,3.93317768847308,5220825048.64637,1.41411798058979,138.827,29.7210671376957,35.691210774189315,7.069,186900000.0,2407.001304398502,5018562352.018099,54.09515536243507,26.2267897500666,11.2714320712639,57.944,47.5403787116659,2.547386592,112.8,-248616.0,4.58865325754718
2004.0,Mongolia,Asia,Eastern Asia,1564120.0,2537949.0,1.63270530747881,0.850550681669034,1992066808.09598,10.6254059599309,17.56,20.0297765271852,60.7877749189501,2.017,92920000.0,750.0,1894036113.27577,70.5415433146042,28.3334403733025,16.6914730128959,64.796,94.9265352103037,16.89139537,44.9,-8142.0,2.59903539816971
2004.0,Palau,Oceania,Micronesia,460.0,19907.0,43.2760869565217,0.135722744336851,165186200.0,4.85603027920973,30.32,3.75636705729655,85.82313547981786,2.732718356360281,6845036.9,9400.0,187038805.665808,68.04451673180708,14.6505579763927,2.32068097140352,70.21674570200899,68.4076514866254,19.71165922,26.4,-68.0,1.25688443141721
2004.0,Liechtenstein,Europe,Western Europe,160.0,34300.0,214.375,0.878482955573281,3454374269.99655,3.03917210306501,5.088,1.264105495485201,84.15682639360635,1.44,1845838359.4692,79030.0,2710704242.85521,68.50910123710634,15.520011819174528,0.810168671611081,81.7707317073171,29.71056968565044,74.34402332,26.10971723012739,114.0,0.513632105107241
2004.0,Central African Republic,Africa,Sub-Saharan Africa,622980.0,4115138.0,6.60557000224726,2.16901718078334,1272360516.62022,5.99488422798696,149.858,0.5126391145648929,13.997917508823,5.827,15100000.0,290.0,1207337001.94912,19.2460374099972,15.73248003723418,-4.43978593836373,46.038,22.3993118520408,1.458031298,153.6,-16514.0,2.38524385586521
2004.0,"Egypt, Arab Rep.",Africa,Northern Africa,1001450.0,77522427.0,77.8767662866041,2.03166566101876,78782467532.4675,4.09207161125305,54.639,14.2699361219864,28.2299608489594,3.181,1253300000.0,1150.0,88795737076.7218,29.5899443643107,34.6679167525242,11.6699083405672,68.613,32.508501957552,9.85915998,37.6,31302.0,2.13874688144954
2004.0,Bulgaria,Europe,Eastern Europe,111000.0,7716860.0,70.953107760206,-0.754796951273604,26157744752.7834,6.51042637870198,40.931,8.45218537659142,40.9566402727565,1.33,3072550961.81564,3060.0,23597393629.7231,52.1072576914266,23.1334052420728,5.58155672604481,72.5634146341463,93.2228685250291,60.13402386,14.2,-4156.0,-0.249495596294176
2004.0,Ukraine,Europe,Eastern Europe,603550.0,47451626.0,81.9063520557876,-0.758571027336172,67220154164.3166,11.7953525281136,30.018,10.4370371199069,58.6968317186137,1.218,1715000000.0,1270.0,60169723643.6162,51.2848768263486,29.3717696283534,15.3107362837374,68.1853658536585,91.732904761372,29.0897363,15.1,-11530.0,-0.50676226681521
2004.0,Switzerland,Europe,Western Europe,41290.7,7389625.0,186.990617655533,0.687425960233006,403914244451.966,2.70170920967028,5.396,0.934999580301804,51.2999852986173,1.42,7102294152.7232,55000.0,406440334841.102,44.2171091602357,25.5515101091518,0.296627279296985,81.0878048780488,59.0825907424465,85.01063046,5.2,38681.0,0.721465950344645
2004.0,Eritrea,Africa,Sub-Saharan Africa,121690.86,2763140.0,22.8391473569035,4.0529646475642,1109054005.43971,1.45173556595506,83.737,10.642274296598,5.77539898239118,5.036,24103664.8,330.0,922193282.2669,59.7955078666408,19.6127388525368,24.7992856783348,59.899,44.2719648990702,0.723814211,70.6,-6376.0,7.15054016663028
2004.0,Gabon,Africa,Sub-Saharan Africa,267670.0,1417110.0,5.49970893002678,2.76976312159116,7770219003.91662,0.689543058464849,121.387,5.46729104251047,55.0391552768837,4.252,313970792.039638,4120.0,5839155879.80455,26.728381864986,51.5005373966573,7.7652785346058,61.838,65.3134744006819,34.53274622,76.6,6827.0,3.6232785326017
2004.0,Moldova,Europe,Eastern Europe,33850.0,2896023.0,100.846989588049,-0.247447154059097,2598249555.89984,7.3999996899107,33.766,17.5867382617383,51.1939123376623,1.539,151010000.0,910.0,2630406312.03486,81.5051573426573,20.7175324675325,7.98708690096275,67.861,105.994437437562,19.4465228,21.2,-40505.0,-1.17134581227451
2004.0,Aruba,Americas,Latin America and the Caribbean,180.0,93540.0,519.666666666667,0.900989229759957,2254748603.35196,7.28102586394262,35.0,0.0175668979187314,64.6679137760159,1.683,-105698324.022346,24010.0,2245760579.07894,67.767839444995,15.5970763131814,2.81721365536811,73.576,311.520317145689,105.1838786,28.165171673520376,315.0,0.0945693618486456
2004.0,Ireland,Europe,Northern Europe,70280.0,4070262.0,59.0834954274931,1.82831381790901,194372115041.065,6.78814020435452,17.568,1.57408727204836,80.4755800800168,1.93,-10607612697.3484,37840.0,154008114554.444,66.1119457281796,30.7660924583293,0.515336518952296,78.5390243902439,85.7129120423483,95.7352192,5.6,49526.0,2.28949668426784
2004.0,St. Lucia,Americas,Latin America and the Caribbean,620.0,164239.0,269.244262295082,0.728418123935715,1066666666.66667,7.2674088699471,50.923,0.5074305281029257,61.41579512469638,1.74,76520285.1851852,6300.0,1034426842.45227,89.6111822490826,15.713922103511443,0.708134828409769,72.028,47.0625,61.49574705,18.4,-118.0,-3.66108999068283
2004.0,Sierra Leone,Africa,Sub-Saharan Africa,72300.0,5533329.0,76.6601413133832,3.35235443124014,1430217080.66487,6.47884601647948,153.21,49.1071104563818,16.6816645059873,5.919,61153314.1933297,270.0,1513198949.88172,29.4903352328986,11.9277187144925,12.8264525018684,47.577,29.7157687280892,59.27312868898385,202.8,23897.0,4.0213078378927
2004.0,Luxembourg,Europe,Western Europe,2590.0,458095.0,177.938286087179,1.42133256471314,35064843792.8993,4.23189130735582,11.155,0.535432004959881,143.73436357449,1.66,5179643438.5651,62680.0,28714614336.311,121.492521281147,15.4393460205431,3.11732659571314,79.1219512195122,103.511084248292,102.6676103,3.5,4482.0,1.92636779365475
2004.0,Angola,Africa,Sub-Saharan Africa,1246700.0,18771125.0,15.0566495548247,3.50638882370405,23552057820.4599,10.95,170.795,6.25087790478717,58.3803583199793,6.499,2197227820.0,1010.0,19005559473.1712,45.1995887314867,54.6299332781384,33.4435947971776,50.592,81.9758517373706,3.942225093,175.5,66585.0,5.68584496286432
2004.0,Slovenia,Europe,Southern Europe,20270.0,1997012.0,99.156504468719,0.0640662022616923,34414784504.2352,4.35919277843995,5.671,2.42963083827174,55.0547884264148,1.25,763100000.0,15610.0,31173357006.2214,56.50175261216,30.2548712114283,3.36094209509122,77.2073170731707,99.1434364373286,92.58359451,4.4,8061.0,0.505556857920171
2004.0,Comoros,Africa,Sub-Saharan Africa,1861.0,581154.0,312.280494357872,1.915137697063,633706110.445225,1.91965980712278,90.886,29.3760199175687,8.83602717918231,5.095,672560.378635006,970.0,565947876.413103,26.9210359370075,12.2062936644416,3.38836173249462,59.48,16.5691948159108,1.441614443,87.2,-3103.0,1.75747074608288
2004.0,Sweden,Europe,Northern Europe,447420.11,8993531.0,22.0786999155742,0.393298991357658,385118743610.143,4.33685615384474,5.795,1.82775456382142,42.6906424082589,1.75,16854649893.5474,39790.0,357822079337.806,35.9005071737132,25.06916486997,0.333021897741204,80.4975609756098,58.085980937467,97.56490871,3.7,36044.0,0.466911457263983
2004.0,Malta,Europe,Southern Europe,320.0,401268.0,1253.9625,0.67162845452858,6116591928.25112,0.13959908397905,20.437,1.89597588791137,103.128054740958,1.4,7469040204.51318,14350.0,5759907607.84185,109.520609318996,22.3097914630173,1.65968036862662,79.2536585365854,100.676979472141,74.86998469,7.0,872.0,0.936303549430444
2004.0,Ecuador,Americas,Latin America and the Caribbean,256370.0,13534593.0,54.4958648735706,1.73957986039204,36591661000.0,8.21102091734038,87.349,9.69192133694068,24.5543485987149,2.853,836939593.895645,2560.0,34628612048.9991,26.1108917684824,29.7117039863263,4.26184570076396,74.279,43.668419424852,26.1860424,24.5,-20921.0,2.0619822695318
